Subject,Time,MPRAGE,Rest,FieldMap,tSNR,Relative Motion Mean,Relative Motion Median,Relative Motion SD,Relative Motion Variance,Relative Motion Max,Absolute Motion Mean,Absolute Motion Median,Absolute Motion SD,Absolute Motion Variance,Absolute Motion Max,FD Mean,FD Median,FD SD,FD Variance,FD Min,FD Max
109,1,1,1,1,56.964955,0.160502285,0.152045,0.069564871,0.004839271,0.524012,0.303576201,0.2834405,0.142809317,0.020394502,0.728122,0.266152114,0.24581114,0.112285107,0.012607945,0.0682934,0.7945941
109,2,1,1,1,53.870238,0.17074354,0.1711,0.090153925,0.00812773,0.681961,0.362284541,0.346625,0.172932148,0.029905526,0.861558,0.275551409,0.2618146,0.140558288,0.019756634,0.0507805,1.23725117
111,1,1,1,1,56.290123,0.191415653,0.1783075,0.09476424,0.008980261,0.530161,0.330281496,0.2393085,0.211608186,0.044778023,0.925492,0.342605889,0.322486,0.164214551,0.026966419,0.0631723,0.91709059
111,2,1,1,1,61.199719,0.201051578,0.183627,0.110096239,0.012121182,0.987648,0.296815604,0.2995865,0.163694426,0.026795864,1.34053,0.356172621,0.3171386,0.198524103,0.039411817,0.08507803,1.686665
115,1,1,1,1,60.830091,0.225815833,0.2226035,0.124596357,0.015524252,0.586791,0.253950804,0.193542,0.160810277,0.025859945,0.768736,0.367539644,0.3715369,0.184215456,0.033935335,0.0425583,0.894687
115,2,1,1,1,52.967708,0.315595448,0.3276435,0.152343139,0.023208432,0.828535,0.316037059,0.251506,0.213092238,0.045408301,1.28217,0.537477255,0.55381818,0.245160729,0.060103785,0.09358595,1.50298057
116,1,1,1,1,58.769569,0.097629189,0.0917979,0.056858797,0.003232923,0.395554,0.270293266,0.217735,0.204183131,0.041690752,1.16241,0.183199853,0.1709147,0.097294152,0.009466152,0.02761354,0.719834
117,1,1,1,1,59.600193,0.186534479,0.173154,0.120020151,0.014404837,1.13941,0.245000333,0.224836,0.112013876,0.012547109,0.912251,0.323223591,0.27540498,0.302989274,0.091802493,0.13553029,3.1147719
121,1,1,1,1,46.385,0.329390198,0.323813,0.130231291,0.016960191,0.886971,0.454002798,0.4173415,0.234313816,0.054902967,1.34876,0.547254324,0.52560123,0.213899255,0.045752894,0.1841175,1.5414427
121,2,1,1,1,48.066601,0.34877646,0.316728,0.160423085,0.025735565,1.03636,0.468398035,0.4474275,0.226032928,0.051090881,1.0914,0.631864309,0.57419,0.299017787,0.089411631,0.2044091,2.15245492
122,1,1,1,1,61.949713,0.124357298,0.124201,0.064211771,0.004123151,0.408446,0.303427786,0.2437915,0.188490361,0.035528619,0.634148,0.216328695,0.2052081,0.109264031,0.011938629,0.03602935,0.8032309
122,2,1,1,1,56.456512,0.111992255,0.107631,0.055117901,0.003037983,0.355189,0.32584846,0.257475,0.241675392,0.058406994,1.10301,0.20418255,0.1911288,0.09808328,0.009620329,0.0395848,0.6700111
128,1,1,1,1,48.299912,0.184056595,0.1468865,0.147232592,0.021677438,0.77282,0.609108388,0.6207145,0.269190371,0.07246346,1.26883,0.335629135,0.2781229,0.242500603,0.058806542,0.04881579,1.296287
128,2,1,1,1,45.784251,0.26747328,0.2116115,0.195598423,0.038258743,0.989175,0.677767932,0.654116,0.425275743,0.180859461,2.45759,0.49153018,0.3982762,0.326749712,0.106765375,0.046117,1.718107
140,1,1,1,1,68.35917,0.205975682,0.2047345,0.096215084,0.009257342,0.496331,0.169720903,0.159291,0.077587396,0.006019804,0.409822,0.332989007,0.3347591,0.142837763,0.020402627,0.04989195,0.8916068
140,2,1,1,1,54.552389,0.267729908,0.2643005,0.22254619,0.049526807,2.32397,0.361790121,0.3590755,0.202569067,0.041034225,2.20939,0.435651809,0.4000726,0.393482387,0.154828385,0.04739,3.895914
146,1,1,1,1,41.792839,0.344002038,0.292133,0.307741314,0.09470471,2.69017,0.471416891,0.365553,0.372635692,0.138857365,2.97503,0.629768848,0.5178157,0.579315901,0.335606933,0.16479483,4.8359388
146,2,1,1,1,46.974431,0.321734488,0.289082,0.191557139,0.036694139,1.73911,0.512867928,0.4701135,0.277180016,0.076828755,1.85315,0.602921247,0.5118142,0.348497361,0.121450402,0.1089839,2.4948907
149,1,1,1,1,57.559459,0.163921922,0.1344875,0.137668893,0.018952725,1.26128,0.297154665,0.267495,0.184340522,0.033981428,1.17292,0.294669986,0.2445533,0.264118344,0.069758497,0.02314,2.73315161
155,1,1,1,1,52.589254,0.088462435,0.04352335,0.111057818,0.012333838,0.792454,0.48200947,0.486674,0.31081596,0.096606553,1.73763,0.164273039,0.09128855,0.200532705,0.040213365,0.0240887,1.403574
161,1,1,1,1,52.744582,0.192132264,0.1797995,0.091777712,0.008423149,0.502253,0.426160336,0.4104,0.198995873,0.039599359,0.992295,0.313528359,0.288925,0.13700372,0.01877002,0.06797856,0.790369
161,2,1,1,1,54.309638,0.2308283,0.216389,0.102663904,0.010539877,0.649715,0.348418087,0.315963,0.16187878,0.026204739,0.978285,0.37083903,0.33147,0.158123881,0.025003159,0.1542379,1.0616864
163,1,1,1,1,57.090974,0.141374826,0.1158455,0.116277985,0.01352057,1.09254,0.384387761,0.3224245,0.266837209,0.071202099,1.47096,0.245784357,0.1990011,0.218254969,0.047635231,0.0344523,2.117137
163,2,1,1,1,49.700636,0.123970374,0.1152055,0.060153358,0.003618426,0.372513,0.849450111,0.6313525,0.68974185,0.47574383,3.08428,0.227714732,0.2176868,0.093537509,0.008749265,0.0610165,0.5616508
168,1,1,1,1,44.682,0.341611147,0.254313,0.285560161,0.081544608,1.36709,0.65705806,0.553205,0.343780488,0.118185014,1.85676,0.626306474,0.4914481,0.522604585,0.273115546,0.048205,2.75377812
168,2,1,1,1,45.26771,0.305003226,0.272146,0.198203385,0.039284583,1.07239,0.77893126,0.7447395,0.325856149,0.106182232,1.6357,0.53631115,0.4669,0.342293382,0.117164753,0.03089,1.6992973
175,1,1,1,1,66.206524,0.106318772,0.113241,0.04577839,0.002095661,0.220591,0.339014471,0.289895,0.238019481,0.056653272,1.06027,0.184260488,0.1891496,0.070007324,0.004901025,0.0454332,0.38417964
175,2,1,1,1,75.65045,0.085665017,0.0923429,0.036557164,0.001336426,0.173355,0.191591159,0.191632,0.088085957,0.007759135,0.452509,0.16071552,0.16794736,0.058361124,0.003406021,0.0464881,0.2915526
176,1,1,1,1,53.462353,0.147504449,0.113945,0.166551054,0.027739255,1.50266,0.440515816,0.380639,0.320613176,0.102792807,1.53834,0.283477217,0.2147308,0.35685876,0.12734817,0.0372891,3.1671961
176,2,1,1,1,68.616393,0.116863184,0.1089415,0.07264474,0.005277258,0.434438,0.213706836,0.193247,0.136910796,0.018744566,0.623526,0.205363244,0.17634001,0.129404396,0.016745498,0.024567,0.95376418
178,1,1,1,1,48.491148,0.202266738,0.19208,0.092403747,0.008538453,0.826797,0.639633954,0.471475,0.482078195,0.232399374,1.80506,0.378125757,0.3457016,0.189331874,0.035846561,0.100666,1.6727404
178,2,1,1,1,71.678456,0.151924774,0.1375555,0.0653833,0.004274976,0.410397,0.222608268,0.2081035,0.104092345,0.010835215,0.542409,0.263995111,0.24437144,0.118274666,0.013988897,0.04481343,0.8678787
192,1,1,1,1,68.448403,0.130789593,0.1338795,0.057131607,0.003264021,0.409508,0.182710782,0.153113,0.095865116,0.00919012,0.559725,0.21259661,0.2021011,0.091677785,0.008404816,0.051573,0.67920402
192,2,1,1,1,70.713778,0.103853725,0.0971092,0.067492194,0.004555196,0.616726,0.212496862,0.184299,0.14185825,0.020123765,0.977014,0.177768141,0.16494731,0.126431584,0.015984947,0.02122493,1.1508034
193,1,1,1,1,51.22397,0.223076627,0.2028215,0.141165301,0.019927643,0.767006,0.690769851,0.544128,0.448169827,0.200856194,1.66171,0.392495096,0.344702,0.259679824,0.067433618,0.0199616,1.546639
193,2,1,1,1,59.929553,0.157610685,0.1625135,0.067546718,0.004562559,0.359225,0.38358587,0.375933,0.177469462,0.031495411,0.980765,0.273081481,0.2501076,0.125892863,0.015849013,0.0463624,0.7043326
207,1,1,1,1,70.790611,0.128112048,0.1216445,0.069906212,0.004886878,0.435449,0.216561854,0.22373,0.066174932,0.004379121,0.513199,0.223413825,0.19721433,0.131231785,0.01722178,0.0288013,0.9585031
207,2,1,1,1,51.660712,0.147038981,0.156472,0.074596621,0.005564656,0.433364,0.67156285,0.5380875,0.453758717,0.205896974,1.71774,0.267680317,0.2803415,0.129278198,0.016712852,0.029352,0.74088
220,1,1,1,1,54.137457,0.210128948,0.187418,0.160157099,0.025650294,1.85821,0.399768323,0.3520765,0.240416884,0.057800282,1.93452,0.370999515,0.30445183,0.432196289,0.186793625,0.109781,5.09110246
220,2,1,1,1,52.799261,0.171519578,0.1453515,0.10987068,0.012071567,0.570384,0.465863198,0.487792,0.142906874,0.020422373,0.921371,0.313823849,0.27647,0.195771277,0.038326394,0.0295587,1.018632
223,1,1,1,1,43.749532,0.352644861,0.154609,0.504372895,0.254391998,3.07848,1.034783244,0.8467105,0.697239816,0.486143321,3.91827,0.748857021,0.3031376,1.126876593,1.269850731,0.0198821,7.0094137
223,2,1,1,1,41.189945,0.435982436,0.2058555,0.667751193,0.445891649,4.83142,0.768534362,0.4130975,0.731052995,0.534438491,4.71987,0.980584621,0.42294301,1.612357378,2.599696398,0.0261282,11.21503
224,1,1,1,1,52.972348,0.19373785,0.1733755,0.110549331,0.012221154,0.633757,0.391563237,0.3455995,0.227162063,0.051602606,0.989732,0.359356165,0.33207383,0.200480267,0.040192336,0.0451965,1.1284796
224,2,1,1,1,53.981904,0.161430001,0.146876,0.083767109,0.007016929,0.502036,0.387183726,0.334277,0.228159785,0.052056886,0.884646,0.283273369,0.259597,0.144576669,0.020902412,0.07581869,0.99725638
225,1,1,1,1,77.582177,0.107150503,0.07608295,0.12963903,0.016806278,1.06932,0.172372669,0.1563925,0.111409381,0.01241205,1.13598,0.191331625,0.12940192,0.232239127,0.053935014,0.01639757,1.9539605
225,2,1,1,1,82.978247,0.086820573,0.06830065,0.061232753,0.00374945,0.393673,0.12520121,0.10887,0.066100478,0.004369273,0.464414,0.169335932,0.12792806,0.116886139,0.013662369,0.01379227,0.72078853
226,1,1,1,1,46.344288,0.263654292,0.234102,0.132400915,0.017530004,0.976503,1.076448202,0.700035,0.71537751,0.511764944,2.56373,0.511645973,0.43426099,0.288577318,0.083276868,0.1482967,2.205565
226,2,1,1,1,53.243989,0.267571688,0.2521055,0.111135073,0.012351004,0.703559,0.470735759,0.40517,0.226629928,0.051361121,1.27909,0.457126468,0.4409664,0.184604257,0.034078732,0.1341188,1.1336428
230,1,1,1,1,42.357864,0.196373746,0.1720055,0.098015338,0.009607007,0.60874,0.77270931,0.832929,0.322518438,0.104018144,1.27079,0.378132403,0.3150768,0.207777724,0.043171581,0.067346,1.3174834
230,2,1,1,1,40.87123,0.192053899,0.187171,0.080158152,0.006425329,0.473096,1.077869534,0.5621395,0.883379519,0.780359387,2.67911,0.346050441,0.3127752,0.161197558,0.025984652,0.0840029,1.09573
231,1,1,1,1,42.962395,0.362756759,0.3210485,0.234574139,0.055025026,1.60314,0.599241316,0.5618865,0.267746001,0.071687922,1.73583,0.658844233,0.5785693,0.409954011,0.168062285,0.1243011,3.080628
231,2,1,1,1,37.608556,0.422932267,0.35926,0.277889282,0.077222452,1.59073,1.142933607,0.942868,0.634099722,0.402082473,2.68335,0.777154505,0.718059,0.426022083,0.181494817,0.1453932,2.3975978
241,1,1,1,1,53.079254,0.426714748,0.463044,0.158984378,0.025276033,0.71382,0.405923069,0.407553,0.211642548,0.044792566,0.933595,0.659392059,0.6701906,0.245944813,0.060488854,0.2092786,1.181128
241,2,1,1,1,51.224372,0.239717215,0.2380165,0.078083076,0.006096967,0.445452,0.555653095,0.3133835,0.487651736,0.237804204,1.91547,0.375683844,0.3773057,0.11566928,0.013379383,0.1070627,0.8846591
243,1,1,1,1,41.872916,0.233467355,0.201404,0.14825429,0.021979336,1.11715,0.886715531,0.9707205,0.453653574,0.205801561,1.91024,0.420146167,0.336353,0.285018355,0.081235461,0.06486856,2.374401
243,2,1,1,1,44.583827,0.210288316,0.176248,0.139343724,0.019416675,1.09578,0.649242997,0.5075845,0.448939204,0.201546401,2.01056,0.407645494,0.3417786,0.283699632,0.080485485,0.0758289,2.1774966
257,1,1,1,1,42.581919,0.196503595,0.1655315,0.158454865,0.025107946,1.03236,0.507074237,0.43717,0.336102188,0.112964682,1.63653,0.364550918,0.30873093,0.283592582,0.080424748,0.02521253,1.9370923
257,2,1,1,1,54.907893,0.203029424,0.191353,0.130941257,0.017145613,0.763748,0.398443013,0.330738,0.221223533,0.048939854,0.879511,0.331864357,0.30873,0.219539806,0.048197724,0.0216679,1.4896526
266,1,1,1,1,39.532611,0.262226999,0.250621,0.094885401,0.009003239,0.624502,0.998880506,0.968876,0.598100722,0.357724458,2.33305,0.482181609,0.45522264,0.174358338,0.030400829,0.1326439,1.219314
266,2,1,1,1,38.773871,0.324700773,0.3076245,0.158121824,0.025002509,1.71511,1.13481307,1.2198,0.635582268,0.403964818,3.14865,0.616218865,0.561418,0.327910364,0.107525215,0.1071802,3.6707187
292,1,1,1,1,60.225508,0.147175595,0.1280795,0.098909028,0.009782996,0.719679,0.421827197,0.2574525,0.311029226,0.096739173,1.34413,0.273635238,0.2387706,0.181245878,0.032850068,0.03468406,1.104727
292,2,1,1,1,72.627625,0.083160028,0.0816951,0.036132686,0.001305571,0.238755,0.207415134,0.2173785,0.081457116,0.006635262,0.385677,0.166329503,0.16385645,0.07451681,0.005552755,0.0415318,0.4489946
297,1,1,1,1,65.277419,0.110081479,0.1107905,0.049191117,0.002419766,0.249585,0.291950136,0.240586,0.165674031,0.027447883,0.859812,0.213187888,0.20831816,0.092842057,0.008619647,0.0283759,0.6391316
297,2,1,1,1,58.976409,0.141550705,0.1277935,0.084370308,0.007118348,0.523918,0.414242566,0.3935865,0.259614497,0.067399681,1.108,0.270063609,0.2384372,0.159042686,0.025294576,0.0502339,1.2079684
302,1,1,1,1,53.835898,0.233931482,0.2273145,0.098039091,0.009611663,0.755085,0.596244216,0.625077,0.198465332,0.039388485,0.901423,0.439925134,0.4243123,0.207686156,0.043133538,0.1338641,1.4299529
302,2,1,1,1,44.652909,0.214848414,0.206636,0.110292427,0.01216442,0.743707,1.037520051,0.5369515,1.05490613,1.112827063,3.90716,0.40517208,0.36118356,0.220507622,0.048623614,0.0710579,1.265137
305,1,1,1,1,66.72383,0.273673683,0.2883525,0.100095712,0.010019151,0.46655,0.221138895,0.2319095,0.091059856,0.008291897,0.402954,0.450258851,0.4524773,0.151889816,0.023070514,0.12540579,0.83454339
305,2,1,1,1,63.61769,0.260685265,0.283371,0.115971394,0.013449364,0.537873,0.259670675,0.250337,0.116422452,0.013554187,0.515246,0.422223002,0.4382583,0.176840574,0.03127259,0.0580173,0.8471493
312,1,1,1,1,84.782914,0.094431251,0.09846685,0.037214335,0.001384907,0.182412,0.179369777,0.184163,0.088029854,0.007749255,0.438271,0.154672086,0.156249,0.053610515,0.002874087,0.05351095,0.3203937
312,2,1,1,1,79.657632,0.081387289,0.08718175,0.025573773,0.000654018,0.146618,0.216349363,0.2221595,0.094395757,0.008910559,0.416083,0.156085089,0.1584574,0.048743378,0.002375917,0.0555281,0.29517054
314,1,1,1,1,62.833868,0.144864216,0.1426135,0.058626708,0.003437091,0.331734,0.310215741,0.275243,0.182295114,0.033231508,1.07078,0.264695317,0.2510632,0.104958393,0.011016265,0.0683905,0.7083509
314,2,1,1,1,55.736339,0.151958033,0.1499185,0.063575514,0.004041846,0.45347,0.655738473,0.5662455,0.399056613,0.159246176,1.71852,0.277984411,0.2519678,0.128250659,0.016448231,0.06336528,0.7866664
319,1,1,1,1,66.220094,0.191442579,0.2061255,0.090192921,0.008134763,0.432983,0.289513022,0.271504,0.151094377,0.022829512,0.68448,0.294234931,0.3102847,0.12323337,0.015186464,0.05154069,0.667749
319,2,1,1,1,58.346507,0.188027993,0.1690875,0.110529363,0.01221674,0.541994,0.277677447,0.267663,0.117826305,0.013883038,0.592961,0.306415886,0.2749673,0.174934566,0.030602103,0.0339738,1.1888148
321,1,1,1,1,51.489579,0.304039091,0.315451,0.145839274,0.021269094,0.628328,0.452652812,0.393548,0.275378346,0.075833231,1.20688,0.531578779,0.55470236,0.25677833,0.065935105,0.0519504,1.1436564
321,2,1,1,1,57.910196,0.242397398,0.232637,0.130665183,0.017073391,0.609987,0.358189315,0.320219,0.17745699,0.031490982,1.06153,0.418453783,0.41746696,0.212992579,0.04536584,0.0500682,1.0253596
322,1,1,1,1,67.914805,0.131066874,0.1244405,0.068616241,0.004708189,0.346507,0.209482148,0.1751725,0.11460907,0.013135239,0.59774,0.242691979,0.2198503,0.124446616,0.015486959,0.0555269,0.64234764
322,2,1,1,1,70.165176,0.12104702,0.1000985,0.089085467,0.007936221,0.503773,0.167109445,0.137815,0.096658491,0.009342863,0.468565,0.199279234,0.16761584,0.129427373,0.016751446,0.0293779,0.73069193
330,1,1,1,1,58.871864,0.25188905,0.237781,0.126895383,0.016102437,0.588594,0.314267009,0.2643125,0.173779801,0.030199422,0.789611,0.450368822,0.44058641,0.218704179,0.04783152,0.0612392,1.08000504
330,2,1,1,1,49.474441,0.316903144,0.318323,0.171940237,0.029563444,0.716469,0.33932972,0.2964515,0.185700968,0.034484852,1.02119,0.557518542,0.5505683,0.295552433,0.087351248,0.03587893,1.3540524
336,1,1,1,1,61.428788,0.235069022,0.22726,0.105711013,0.011174818,0.592112,0.232399672,0.222074,0.121514231,0.014765708,0.52531,0.387850374,0.3810853,0.169091657,0.028591987,0.08600403,0.88341942
336,2,1,1,1,50.310075,0.361622661,0.3362195,0.194071889,0.037663896,1.00697,0.343617499,0.3114905,0.162197843,0.02630814,1.09539,0.606272161,0.5648511,0.332099468,0.110290051,0.0417261,1.7750733
347,1,1,1,1,45.098434,0.130556062,0.08955735,0.11949712,0.014279561,0.614165,0.773498535,0.7872875,0.31494233,0.099188671,1.47705,0.267790616,0.18193222,0.255226493,0.065140568,0.0223843,1.582637
347,2,1,1,1,46.138925,0.144758582,0.1111405,0.103861421,0.010787195,0.481393,0.698806167,0.7305465,0.397896767,0.158321828,1.38856,0.271382213,0.2196421,0.178018704,0.031690657,0.0363139,1.0322453
348,1,1,1,1,54.583359,0.23405461,0.18344,0.16006878,0.025622012,0.905133,0.293345392,0.2876,0.120565012,0.014535923,0.692459,0.388911337,0.3182302,0.24324666,0.059168939,0.0941928,1.44112428
352,1,1,1,1,52.215456,0.249956727,0.241338,0.083711103,0.007007549,0.755319,0.370454311,0.2783025,0.266766846,0.071164556,1.25766,0.393622547,0.37207145,0.140883565,0.019848179,0.10736866,1.4397383
352,2,1,1,1,40.727739,0.283753663,0.268358,0.11484383,0.013189105,0.753984,0.980736017,0.789242,0.61187464,0.374390572,2.61836,0.508188426,0.4733303,0.209432095,0.043861803,0.115319,1.4262305
369,1,1,1,1,49.808537,0.131516397,0.12654,0.038545709,0.001485772,0.27585,0.394128501,0.3584815,0.263729185,0.069553085,1.30842,0.220604375,0.21475173,0.060083553,0.003610033,0.10236046,0.4246368
369,2,1,1,1,63.053228,0.142345488,0.140813,0.040305659,0.001624546,0.259725,0.174370721,0.16658,0.070708692,0.004999719,0.385961,0.22502251,0.21666792,0.058580961,0.003431729,0.1084697,0.4082311
379,1,1,1,1,60.598848,0.136069074,0.11218,0.093493752,0.008741082,0.567239,0.393049717,0.2706505,0.317063779,0.100529447,1.48265,0.251101404,0.21327841,0.160736948,0.025836367,0.0247714,0.9072844
379,2,1,1,1,60.724,0.167382106,0.143413,0.120424926,0.014502162,1.01826,0.292856038,0.224327,0.207544357,0.04307466,1.00995,0.29122898,0.27156655,0.182304129,0.033234797,0.0671316,1.7221554
381,1,1,1,1,50.295513,0.295433909,0.2562015,0.192358419,0.037001759,1.27041,0.469166696,0.3788395,0.307184845,0.094362527,1.13374,0.527911663,0.45264885,0.345341414,0.119260684,0.06504206,2.6274255
381,2,1,1,1,55.666823,0.236178815,0.182353,0.170826852,0.029181814,1.06933,0.297909766,0.3017375,0.136212274,0.018553782,0.968683,0.424163908,0.33940062,0.286068052,0.081834935,0.04263896,1.8217251
392,1,1,1,1,38.61459,0.27887243,0.2073665,0.411587179,0.169404015,4.6376,0.812023103,0.632829,0.587767601,0.345470756,4.9412,0.503266513,0.3525152,0.747556686,0.55884099,0.09401885,7.83563607
392,2,1,1,1,69.68639,0.129388273,0.132752,0.037719708,0.001422776,0.23514,0.210121423,0.2112645,0.083006158,0.006890023,0.530674,0.20808731,0.21082424,0.061711472,0.003808306,0.07268807,0.4403493
396,1,1,1,1,68.744929,0.101416908,0.08991135,0.063071527,0.003978017,0.384408,0.378645241,0.259659,0.236570016,0.055965371,0.871962,0.167031035,0.1525979,0.096150048,0.009244831,0.02421355,0.745694
399,1,1,1,1,51.625464,0.142642677,0.141677,0.048309848,0.002333841,0.411402,0.392542005,0.28395,0.334486425,0.111881174,1.1403,0.240648031,0.23245776,0.076843411,0.00590491,0.0853387,0.688952
399,2,1,1,0,52.719937,0.208228558,0.202749,0.083794147,0.007021459,0.570469,0.399495751,0.328991,0.2686643,0.072180502,1.5377,0.374654412,0.346114,0.173891068,0.030238103,0.1144566,1.3839457
401,1,1,1,1,49.92219,0.130532905,0.117261,0.065134257,0.004242471,0.4193,0.55800879,0.6003665,0.268755794,0.072229683,1.17558,0.278074771,0.248181,0.141973376,0.020156438,0.040063,0.967288
401,2,1,1,1,45.94333,0.186021343,0.1798435,0.085024677,0.007229196,0.548657,0.736257076,0.6405725,0.484706283,0.234940171,1.92385,0.380576879,0.361477,0.169825524,0.028840709,0.1098784,1.0320165
404,1,1,1,1,63.93194,0.154095456,0.1414375,0.085185304,0.007256536,0.573084,0.284572721,0.2896945,0.116622858,0.013600891,0.579371,0.261690944,0.2456944,0.140986145,0.019877093,0.0350373,1.0840997
404,2,1,1,1,71.940664,0.161141902,0.16815,0.075722322,0.00573387,0.338355,0.263079464,0.2554385,0.120858856,0.014606862,0.503951,0.263074726,0.2697429,0.115382858,0.013313203,0.06144,0.5887409
408,1,1,1,1,59.734342,0.193975687,0.1884455,0.087948762,0.007734984,0.490677,0.221061662,0.219824,0.083832398,0.007027871,0.491924,0.325065047,0.322535,0.137400076,0.01887878,0.0584399,0.8185403
408,2,1,1,1,71.310044,0.164043367,0.158894,0.087866999,0.00772061,0.554722,0.139784396,0.1222765,0.075925201,0.005764636,0.449425,0.276560962,0.25177331,0.14881669,0.022146406,0.02336826,1.13006416
410,1,1,1,1,38.449032,0.272805095,0.233839,0.179871321,0.032353692,1.6772,1.230187297,1.247605,0.605794251,0.366986692,2.57536,0.535302937,0.4510222,0.362713039,0.131560743,0.065962,2.940895
410,2,1,1,1,41.20316,0.234959841,0.2223995,0.120301805,0.014472525,0.673789,1.117023945,1.04218,0.511865318,0.262006104,2.09127,0.437356621,0.394134,0.237088144,0.056210786,0.041925,1.54285
415,1,1,1,1,45.110112,0.245687351,0.2158035,0.173012123,0.029933196,1.354,0.912752867,0.7773365,0.376190782,0.141519502,1.95077,0.446927875,0.3965404,0.329555124,0.108606584,0.0615113,2.5032989
416,1,1,1,1,62.14765,0.149937615,0.16205,0.065026335,0.004228424,0.282574,0.293856621,0.2589465,0.185749099,0.03450273,0.776024,0.241669208,0.2485745,0.093574233,0.008756137,0.0427116,0.635457
416,2,1,1,1,56.775309,0.183719248,0.1790925,0.08648099,0.007478962,0.530312,0.338934302,0.2826795,0.186968505,0.034957223,0.930667,0.351586848,0.31282812,0.185854867,0.034542032,0.0759833,1.1493641
424,1,1,1,1,71.055863,0.104024939,0.09907585,0.044259802,0.00195893,0.246312,0.223182127,0.1734705,0.160594016,0.02579044,0.88475,0.183201909,0.17083159,0.081011191,0.006562814,0.0406666,0.43073098
424,2,1,1,1,75.955515,0.117751293,0.1148005,0.060823858,0.003699542,0.396732,0.237566501,0.2071375,0.142913163,0.02042417,0.613366,0.201227054,0.1908829,0.101505212,0.010303308,0.0236682,0.7026898
429,1,1,1,1,53.314627,0.117953405,0.0867971,0.226944342,0.051503733,2.1773,0.402581692,0.232462,0.488727599,0.238854676,2.40009,0.219286591,0.1516934,0.481496185,0.231838569,0.0321373,4.714041
429,2,1,1,1,49.355897,0.116857648,0.112751,0.0730353,0.005334155,0.323516,0.325293183,0.2013405,0.297407269,0.08845108,1.3433,0.224627227,0.1934116,0.146155849,0.021361532,0.03085369,0.6799847
431,1,1,1,1,62.048801,0.179171801,0.1689245,0.094233125,0.008879882,0.546294,0.223801598,0.2164095,0.105821393,0.011198167,0.609469,0.312937826,0.3047811,0.157102987,0.024681346,0.0348099,0.90867119
431,2,1,1,1,56.880164,0.232247844,0.226212,0.100669593,0.010134366,0.464752,0.317672759,0.282059,0.151113093,0.022835167,0.751202,0.398933977,0.3749226,0.167764097,0.028144794,0.1023159,0.8709446
435,1,1,1,1,67.71808,0.093693264,0.0844441,0.048226051,0.002325752,0.362572,0.282999158,0.247971,0.183864728,0.033806238,0.77388,0.178971961,0.16337556,0.089261912,0.007967689,0.0451989,0.5441016
435,2,1,1,1,65.026609,0.15171665,0.1317845,0.099152319,0.009831182,0.509041,0.204231173,0.204182,0.082474321,0.006802013,0.525604,0.27308315,0.23500257,0.180807784,0.032691456,0.02529148,1.1658076
460,1,1,1,1,62.28966,0.13551724,0.135309,0.056101602,0.00314739,0.376874,0.20268555,0.1945385,0.092378944,0.008533869,0.437676,0.247189447,0.22700769,0.100279748,0.010056027,0.0805694,0.6394571
460,2,1,1,1,54.297022,0.152257279,0.134614,0.071571052,0.005122415,0.432386,0.325782806,0.255014,0.182669535,0.033368159,0.941397,0.273087382,0.2457832,0.114098832,0.013018543,0.0743356,0.6310278
463,1,1,1,1,48.676309,0.291054964,0.23156,0.316710383,0.10030546,3.48531,0.640567243,0.5103595,0.494422495,0.244453594,3.04207,0.535387337,0.414989,0.644647241,0.41557005,0.1158188,5.806444
464,1,1,1,1,50.815189,0.173810571,0.17006,0.070040636,0.004905691,0.401948,0.742348909,0.7104295,0.428460717,0.183578581,1.48433,0.314080894,0.2917896,0.137969181,0.019035494,0.0851191,0.80534
464,2,1,1,1,72.722497,0.103161536,0.109708,0.040044893,0.001603593,0.207607,0.231269032,0.219079,0.11339663,0.012858796,0.435283,0.194889307,0.1981057,0.073236167,0.005363536,0.0461439,0.36499862
470,1,1,1,1,50.383761,0.248084724,0.216892,0.128526121,0.016518964,0.768459,0.315866172,0.2971855,0.132289037,0.017500388,0.853787,0.437521279,0.3851134,0.21662873,0.046928007,0.0843717,1.32432344
470,2,1,1,0,47.704739,0.432596236,0.413744,0.262911886,0.069122657,1.03347,0.388937414,0.4059275,0.181109145,0.032800522,0.749182,0.714791596,0.70809519,0.391377807,0.153176591,0.122078,1.6119614
486,1,1,1,1,51.658195,0.154068634,0.1397955,0.085352346,0.007285023,0.408525,0.371410161,0.3356615,0.215398699,0.046396598,1.07967,0.270952672,0.2491449,0.14398095,0.020730516,0.0146748,0.6862735
493,1,1,1,1,63.69764,0.109630309,0.1077175,0.05152382,0.002654704,0.292301,0.30584386,0.2862445,0.177867547,0.031636864,0.836804,0.174314827,0.16540547,0.076027669,0.005780207,0.0244464,0.49608489
493,2,1,1,1,65.048039,0.105699286,0.1093655,0.034481734,0.00118899,0.190345,0.303761452,0.27017,0.188064337,0.035368193,0.908343,0.167205349,0.16869351,0.047528401,0.002258949,0.0415056,0.3459175
506,1,1,1,1,34.68432,0.233131409,0.1932715,0.158336222,0.02507036,0.870515,1.676165104,1.755505,0.61392802,0.376907617,2.63827,0.481741548,0.376039,0.340158999,0.115708143,0.057717,1.965513
506,2,1,1,1,41.090448,0.250650674,0.228671,0.151440606,0.022934256,0.69219,0.584192216,0.4692715,0.379180819,0.143778086,1.89313,0.449645787,0.41322497,0.244755819,0.05990541,0.0485405,1.307062
507,1,1,1,1,67.145858,0.175682455,0.163768,0.084619887,0.007160526,0.389916,0.26378122,0.2634235,0.121847048,0.014846704,0.507064,0.30646503,0.28377113,0.138695762,0.019236516,0.0767259,0.674385
507,2,1,1,1,68.478016,0.219223127,0.2095665,0.092280291,0.008515652,0.550311,0.243779883,0.2236235,0.10919226,0.011922949,0.674639,0.388426811,0.36467559,0.159190446,0.025341598,0.06772076,0.95160435
510,1,1,1,1,53.193903,0.176634401,0.1791415,0.077011138,0.005930716,0.437,0.413333893,0.340978,0.233621791,0.054579142,0.953273,0.315184891,0.3135574,0.142974794,0.020441791,0.0726393,0.8202037
510,2,1,1,1,52.185365,0.237014979,0.2389375,0.10869164,0.011813873,0.608982,0.44403255,0.426677,0.191751078,0.036768477,1.00938,0.426452637,0.4112278,0.196305215,0.03853574,0.04526263,1.1226651
513,1,1,1,1,59.310844,0.186009243,0.1540265,0.116633154,0.013603292,0.711317,0.221548423,0.2055305,0.106038332,0.011244128,0.646351,0.342775911,0.2766766,0.227058932,0.051555756,0.09675964,1.4893598
513,2,1,1,1,40.494976,0.252595633,0.2384905,0.104642726,0.010950101,0.568326,0.841736495,0.8420235,0.28553921,0.081532635,1.41137,0.461510807,0.4322089,0.178676188,0.031925179,0.1243763,1.072179
515,1,1,1,1,73.404619,0.157130629,0.152409,0.075634114,0.005720519,0.342681,0.113391943,0.1112685,0.047018062,0.002210698,0.281722,0.226160139,0.2210629,0.086082213,0.007410147,0.0406121,0.50763889
515,2,1,1,1,68.806943,0.109663114,0.111014,0.050809171,0.002581572,0.259144,0.087117366,0.08786405,0.02755704,0.00075939,0.178673,0.17761533,0.17227324,0.082726523,0.006843677,0.02698437,0.4270781
516,1,1,1,1,43.376351,0.267228365,0.2268115,0.144089922,0.020761905,0.940058,0.559360743,0.448196,0.392336786,0.153928146,1.78578,0.450201541,0.36916988,0.248927698,0.061965,0.16852258,1.5857321
516,2,1,1,1,46.506372,0.217590794,0.197397,0.113270193,0.012830137,0.942,0.54804486,0.5029705,0.302813381,0.091695942,1.26662,0.390305847,0.3462922,0.199642837,0.039857261,0.1099559,1.5453227
541,1,1,1,1,54.064832,0.090667702,0.08828125,0.036391493,0.001324341,0.262693,0.513012171,0.570949,0.296691388,0.088025771,1.05061,0.169410661,0.148405,0.082099356,0.006740304,0.0563541,0.5413551
541,2,1,1,1,75.188821,0.084251121,0.0849514,0.035719082,0.001275853,0.316742,0.187086999,0.1612435,0.121790238,0.014832863,0.564195,0.139220163,0.1362511,0.05494979,0.003019479,0.03332513,0.55332483
545,1,1,1,1,52.223325,0.220170006,0.1970575,0.132666066,0.017600287,0.586307,0.470021307,0.4189375,0.279922962,0.078356862,1.15471,0.362832338,0.322678,0.206159651,0.0425018,0.0184814,1.0578279
545,2,1,1,1,57.642239,0.22219421,0.205187,0.133900046,0.017929221,0.852911,0.262444258,0.2501875,0.108827509,0.011843426,0.90252,0.371422708,0.3369367,0.226266399,0.051196486,0.0717178,1.3913411
550,1,1,1,1,58.618332,0.096139051,0.07925295,0.082196608,0.006756282,0.653002,0.355057657,0.371545,0.187025115,0.034978393,0.759985,0.200302556,0.1549342,0.181958735,0.033108983,0.009469,1.54193
552,1,1,1,1,61.280384,0.189940348,0.171705,0.107612804,0.011580515,0.613084,0.266102046,0.240888,0.113524757,0.012887871,0.635932,0.286809951,0.2805392,0.15711619,0.024685496,0.0598384,1.1987309
552,2,1,1,1,60.254523,0.166903242,0.162596,0.09724991,0.009457545,0.797923,0.209912404,0.1916955,0.120190091,0.014445659,1.04645,,,,,,
578,1,1,1,1,58.441598,0.100882277,0.0938741,0.046284847,0.002142287,0.290619,0.306700528,0.274697,0.150254145,0.022576306,0.615696,0.184048772,0.1739601,0.072994001,0.005328124,0.0511886,0.389801
578,2,1,1,1,63.293827,0.118129075,0.1089745,0.0614218,0.003772638,0.445137,0.270244926,0.2222755,0.162706181,0.026473302,0.708025,0.205044746,0.19243,0.096107386,0.009236629,0.0564523,0.6957615
582,1,1,1,1,66.511961,0.111293592,0.0936497,0.090133347,0.00812402,0.749721,0.307873249,0.222167,0.200810909,0.04032502,0.764742,0.201186791,0.16344805,0.184753135,0.034133721,0.0349306,1.52655983
582,2,1,1,1,67.701563,0.113630824,0.1005165,0.078121856,0.006103024,0.532369,0.29783687,0.196656,0.215497673,0.046439249,0.887673,0.218257055,0.18098466,0.17686826,0.03128238,0.0363094,1.22353967
585,1,1,1,1,60.428131,0.124923058,0.1174205,0.051351883,0.002637016,0.287956,0.412433803,0.314231,0.258135736,0.066634052,0.925002,0.225330099,0.2052345,0.097814307,0.009567639,0.067526,0.5533187
585,2,1,1,0,66.634042,0.128935754,0.13088,0.039310187,0.001545291,0.21634,0.207444295,0.198794,0.096131019,0.009241173,0.438597,0.222541466,0.2199451,0.068579063,0.004703088,0.071649,0.423332
592,1,1,1,1,54.441538,0.157674477,0.1283955,0.190609604,0.036332019,1.87964,0.355758667,0.325609,0.22023049,0.048501465,1.88846,0.285139769,0.21774702,0.280305296,0.078571066,0.0384234,2.37065468
592,2,1,1,1,45.785595,0.201050818,0.1729265,0.125667974,0.015792439,0.782669,0.893800497,0.6783135,0.581298649,0.337908089,2.13037,0.375000268,0.297283,0.258549064,0.066847615,0.05363119,1.6008924
595,1,1,1,1,46.512053,0.195398018,0.189248,0.073133573,0.005348519,0.42684,0.677565038,0.6221655,0.394286841,0.155462116,1.51162,0.372579217,0.358372,0.132808805,0.01763818,0.084428,0.8154529
595,2,1,1,1,70.017747,0.108463757,0.110391,0.072388873,0.005240148,0.390838,0.142070502,0.1329485,0.062410094,0.00389502,0.505096,0.191512302,0.18440319,0.122896604,0.015103576,0.017479,0.68334224
613,1,1,1,1,37.188986,0.31891197,0.21828,0.320542634,0.102747574,2.14444,1.12341547,0.543878,0.869753063,0.756470382,3.1846,0.571103513,0.396473,0.571463287,0.326570272,0.0143719,4.8235687
613,2,1,1,1,40.772772,0.267803401,0.2122695,0.299537092,0.089722477,3.49503,0.652525127,0.451148,0.486975223,0.237144858,2.64643,0.509961069,0.371187,0.758147299,0.574787319,0.037464,9.497353
628,1,1,1,1,48.912001,0.126999393,0.116863,0.05666215,0.003210599,0.291677,0.542605639,0.4797155,0.293489665,0.086136192,1.03073,0.228287473,0.204771,0.104939468,0.011012292,0.072738,0.607021
628,2,1,1,1,55.684706,0.122512922,0.1074475,0.110973619,0.012315144,1.19355,0.370341659,0.3715635,0.199299738,0.039720383,1.18409,0.223567531,0.1784342,0.236298934,0.055837188,0.0533304,2.5199716
772,1,1,1,1,46.506208,0.182518214,0.1672445,0.079408221,0.006305665,0.533601,0.716910779,0.5912585,0.440046847,0.193641216,1.62495,0.345196366,0.29955934,0.173370481,0.030057326,0.0775517,1.1434411
772,2,1,1,1,42.921007,0.208218127,0.1694865,0.254033297,0.064532921,2.63262,0.858422756,0.9148445,0.336324871,0.113114424,3.09677,0.359000862,0.27811849,0.429905236,0.184818506,0.0378137,4.3898603
791,1,1,1,1,53.562849,0.17394051,0.172711,0.071169555,0.005065106,0.398248,0.59149003,0.347009,0.509327233,0.259414226,1.91355,0.319400638,0.2860057,0.16242142,0.02638072,0.066144,1.023162
791,2,1,1,1,60.990945,0.149387747,0.128183,0.106548898,0.011352668,0.922295,0.384054393,0.329559,0.187714607,0.035236776,1.24056,0.308675975,0.229059,0.273934752,0.075040244,0.0721704,2.1585189
800,1,1,1,1,45.741352,0.274113744,0.1664405,0.295818716,0.087508708,1.61622,0.428901672,0.350992,0.295863599,0.087535262,1.77581,0.547117591,0.3356102,0.580582738,0.337076336,0.0429529,3.4213489
807,1,1,1,1,37.615855,0.768740177,0.5948615,0.508354604,0.258424401,2.09239,0.5926162,0.44124,0.439970791,0.193574309,1.91773,1.232859015,1.00434804,0.706683636,0.499401748,0.1866967,3.1019097
809,1,1,1,1,36.811907,0.277635843,0.2345665,0.256300092,0.065689743,3.17627,1.380819559,1.658255,0.680606902,0.463225722,2.65524,0.52874577,0.4332518,0.603990853,0.364804953,0.06688997,7.7970847
809,2,1,1,1,49.444841,0.229377061,0.2137615,0.142873943,0.020412965,0.930316,0.596127093,0.5480635,0.355526209,0.126398876,1.57543,0.391666949,0.3488084,0.270470619,0.073154353,0.055648,2.15523272
818,1,1,1,1,50.777877,0.237395376,0.22433,0.083593808,0.006987925,0.750916,0.51879257,0.471024,0.284330577,0.080843881,1.17853,0.378459752,0.3394452,0.155139565,0.024068283,0.14668084,1.618833
818,2,1,1,1,43.324054,0.33830151,0.285517,0.242576957,0.058843579,2.3365,0.654709458,0.551407,0.42087397,0.177134886,2.61352,0.577355683,0.443416,0.476924807,0.22745727,0.05737578,4.5159622
848,1,1,1,1,44.221097,0.319335639,0.2729875,0.179360226,0.032170091,0.879265,0.6916309,0.502392,0.559130788,0.312627226,2.61272,0.568291247,0.48955726,0.315876961,0.099778257,0.09597,1.96190904
848,2,1,1,1,42.528906,0.251655102,0.2081985,0.17705074,0.031346962,0.892479,0.866561055,0.8272425,0.400276899,0.160221606,1.55487,0.507967651,0.3970346,0.356122345,0.126823127,0.047075,1.7766293
852,1,1,1,1,62.380852,0.160859451,0.157963,0.076439954,0.005843067,0.414645,0.188246578,0.1513445,0.123262621,0.015193675,0.740969,0.280901313,0.26859278,0.133874223,0.017922308,0.0350933,0.7539257
852,2,1,1,1,49.248422,0.244220316,0.2065145,0.232258126,0.053943835,1.76827,1.056891918,1.107425,0.217319638,0.047227826,1.50838,0.469098449,0.3528555,0.491165698,0.24124375,0.09225761,3.64121341
853,1,1,1,1,55.705841,0.097508833,0.0652176,0.13807331,0.019064238,1.17964,0.266772628,0.1227615,0.270773828,0.073318459,1.00144,0.178565443,0.10981431,0.265923947,0.070715547,0.00887419,2.3936541
853,2,1,1,1,65.156656,0.090337798,0.0739516,0.066607572,0.004436569,0.331167,0.16963008,0.1611985,0.073906921,0.005462233,0.380813,0.139929891,0.11990312,0.095538184,0.009127544,0.02273193,0.4877969
860,1,1,1,1,41.555612,0.301618278,0.2644795,0.198292717,0.039320003,1.00096,0.897369742,0.874741,0.612670302,0.375364929,2.59724,0.535977364,0.4702651,0.332439035,0.110515714,0.035003,1.920429
860,2,1,1,1,52.184074,0.305137992,0.2841865,0.151950181,0.023088858,0.915479,0.503524244,0.283896,0.49097994,0.241061315,2.0851,0.500156581,0.46330451,0.262107223,0.068700202,0.0406326,1.934919
874,1,1,1,1,59.47755,0.10138832,0.0678713,0.168992922,0.02855861,1.25558,0.316887885,0.232815,0.275776386,0.076052621,1.92994,0.181699187,0.11198402,0.322835863,0.104222998,0.0182209,2.3719913
874,2,1,1,1,59.062206,0.107702233,0.08725855,0.084699281,0.007173968,0.640871,0.320000827,0.3090485,0.167395487,0.028021248,0.991864,0.204956144,0.16054445,0.181941718,0.033102788,0.05229219,1.256644
891,1,1,1,1,63.215815,0.181269199,0.163965,0.134731084,0.018152466,0.959176,0.182252541,0.167967,0.116004743,0.013457101,1.18606,0.288303167,0.23741061,0.261454076,0.068358235,0.0590597,1.84512438
900,1,1,1,1,55.793454,0.185353667,0.18161,0.077303909,0.005975895,0.450829,0.411463857,0.300373,0.344796151,0.118884385,1.60163,0.334723085,0.3335582,0.132244438,0.01748859,0.058609,0.8110661
900,2,1,1,1,46.543172,0.370503157,0.3013615,0.228855371,0.05237478,1.06503,0.509997725,0.505785,0.197848812,0.039144155,1.00188,0.623142719,0.531505,0.322003454,0.103686221,0.11627884,1.55962659
902,1,1,1,1,57.277676,0.195971131,0.1786505,0.101338215,0.010269434,0.859366,0.513139248,0.4761425,0.272037327,0.0740043,1.13107,0.320153266,0.2770222,0.189606965,0.035950799,0.0734038,1.6603822
902,2,1,1,1,54.830623,0.190449014,0.180834,0.081146546,0.006584762,0.541978,0.460818142,0.33909,0.373104066,0.139206648,1.99139,0.305209488,0.28898298,0.127006918,0.016130758,0.0720384,1.0275093
906,1,1,1,1,59.145675,0.160192341,0.130664,0.119486742,0.014277082,0.855173,0.40967378,0.310686,0.240621477,0.057898693,1.20779,0.278166056,0.21749333,0.213076547,0.045401614,0.06025542,1.4325915
906,2,1,1,1,55.497076,0.126676828,0.116003,0.094675586,0.008963467,0.715515,0.794617712,0.8342795,0.302453905,0.09147837,1.83553,0.239993513,0.20803,0.181645766,0.032995183,0.01889029,1.2940797
909,1,1,1,1,54.607537,0.174129739,0.09686115,0.271831304,0.073892251,2.11721,0.664108694,0.6510035,0.295952588,0.087587938,2.04355,0.370034635,0.2098095,0.615841866,0.379261196,0.0376766,4.5535936
924,1,1,1,1,55.857441,0.139260575,0.119532,0.083998404,0.007055731,0.433356,0.399342954,0.403375,0.202769071,0.041115299,0.751494,0.28094995,0.2251055,0.179170698,0.032102142,0.026534,0.9291225
924,2,1,1,1,41.745048,0.291063428,0.247115,0.176636115,0.031200316,1.14996,1.126236081,1.12765,0.539039373,0.290563464,2.37727,0.54802078,0.492149,0.292190909,0.085375533,0.071248,1.77331041
926,1,1,1,1,66.695697,0.198240921,0.194539,0.065823093,0.004332679,0.329293,0.214256674,0.2040825,0.076753311,0.00589107,0.423903,0.314323843,0.31173093,0.091323838,0.008340044,0.1434443,0.55154406
928,1,1,1,1,46.307907,0.240502372,0.224538,0.126213878,0.015929943,0.98808,0.763658285,0.567704,0.45884648,0.210540086,1.70889,0.472118825,0.4279541,0.258605272,0.066876687,0.04719937,2.2906883
928,2,1,1,1,55.078579,0.199941546,0.183414,0.10056328,0.010112973,0.597834,0.343701184,0.280824,0.226191491,0.051162593,1.16784,0.357604653,0.3272414,0.181009322,0.032764375,0.0548724,1.0628755
931,1,1,1,1,62.734385,0.133056596,0.12271,0.081985489,0.006721621,0.561904,0.315490842,0.3048105,0.146968976,0.021599878,0.761162,0.219939008,0.2009802,0.132367149,0.017521061,0.04040104,0.90990701
931,2,1,1,0,63.583057,0.130544156,0.115964,0.081908323,0.006708973,0.62469,0.292161971,0.2890335,0.158221796,0.025034139,1.23396,,,,,,
932,1,1,1,1,58.195029,0.095108427,0.08509685,0.060624667,0.00367535,0.376341,0.338203937,0.201122,0.272703886,0.074367411,0.923371,0.151567101,0.1330596,0.088929415,0.007908441,0.01988128,0.5584451
932,2,1,1,1,52.020741,0.140873656,0.125617,0.082077593,0.006736731,0.57975,0.43511641,0.325949,0.309321374,0.095679715,1.37834,0.249899715,0.210976,0.155662104,0.024230689,0.025197,1.2980935
947,1,1,1,1,69.865484,0.130412519,0.1201655,0.062441528,0.003898944,0.348354,0.271870643,0.26012,0.087380148,0.00763529,0.579646,0.227352127,0.2019003,0.113352828,0.012848863,0.0530029,0.66775628
947,2,1,1,1,67.125545,0.126730621,0.1131295,0.072026536,0.005187822,0.471922,0.20048286,0.184095,0.095247984,0.009072179,0.511724,0.215899676,0.1971498,0.126598299,0.01602713,0.0199322,0.88553685
965,1,1,1,1,53.474574,0.140859649,0.138807,0.062615871,0.003920747,0.340626,0.397219926,0.2919545,0.306619555,0.094015554,1.4211,0.246320456,0.24154802,0.105015121,0.011028176,0.06641932,0.7091162
965,2,1,1,1,48.175214,0.209789783,0.196318,0.093309708,0.008706701,0.596752,0.64478296,0.3401375,0.5728423,0.328148276,2.12207,0.367178559,0.3393565,0.171959445,0.029570052,0.09619,1.021091
967,1,1,1,1,69.316626,0.102593467,0.102779,0.043092467,0.001856961,0.325104,0.1810368,0.188195,0.075522639,0.005703669,0.405485,0.18629992,0.1764949,0.071601145,0.005126724,0.06008663,0.5688836
967,2,1,1,1,77.097638,0.0937877,0.0886624,0.050612148,0.00256159,0.483014,0.163982406,0.155386,0.096209429,0.009256254,0.617794,0.178520009,0.1595076,0.090803035,0.008245192,0.0482023,0.7492489
971,1,1,1,1,61.384382,0.244162515,0.231005,0.096940756,0.00939751,0.658746,0.282367021,0.27155,0.125070855,0.015642717,0.636587,0.40621683,0.38752485,0.155368224,0.024139285,0.09779709,1.1078822
971,2,1,1,1,64.837174,0.209754452,0.1951025,0.114759073,0.013169645,0.56804,0.220974982,0.2197735,0.105932854,0.01122177,0.542471,0.341308117,0.31810091,0.184506327,0.034042586,0.0229417,1.0141394
973,1,1,1,1,62.157309,0.109076954,0.1046235,0.061015777,0.003722925,0.346721,0.209257811,0.1664485,0.136615768,0.018663866,0.652091,0.195088312,0.17494882,0.115024269,0.013230582,0.0198921,0.8105196
973,2,1,1,1,66.844599,0.102543429,0.08971375,0.055500161,0.003080268,0.239272,0.243807808,0.2566925,0.073477238,0.005398904,0.425872,0.158576474,0.13920482,0.076885737,0.005911417,0.0200413,0.35974075
980,1,1,1,1,52.389612,0.126377717,0.09435165,0.104906932,0.011005464,0.713329,0.335394114,0.2000185,0.294709921,0.086853936,1.22095,0.237042665,0.172459,0.203320205,0.041339103,0.0402647,1.35072149
980,2,1,1,1,66.14149,0.093304716,0.08106165,0.058546253,0.003427664,0.478639,0.319306135,0.37452,0.172812939,0.029864309,0.625477,0.16353406,0.1408451,0.10247238,0.010500589,0.0502254,0.848859
983,1,1,1,1,58.683232,0.241254538,0.225532,0.10228885,0.010463009,0.522989,0.288397729,0.289833,0.141515285,0.020026578,0.621096,0.391391784,0.37786322,0.154322445,0.023815416,0.08376371,0.8809166
983,2,1,1,1,49.544906,0.168075413,0.142339,0.112676859,0.012696075,0.984738,0.462703705,0.4254345,0.19091472,0.03644843,1.18971,0.274350107,0.2285113,0.17498377,0.03061932,0.0609559,1.36785348
993,1,1,1,1,53.96124,0.11971838,0.114416,0.09839873,0.009682311,1.27104,0.546191633,0.5264205,0.332901269,0.110823251,1.47358,0.208900586,0.196184,0.210727721,0.044406172,0.03053291,2.81190754
993,2,1,1,1,44.45425,0.121458858,0.09271205,0.21533598,0.046369586,2.69719,1.197856426,1.105725,0.68882221,0.474476069,3.01627,0.245314032,0.171667,0.548340261,0.300677061,0.0407146,6.925381
1094,1,1,1,1,59.047783,0.171039775,0.17115,0.085711032,0.007346381,0.499639,0.458636314,0.3494855,0.256406784,0.065744445,1.20938,0.291717261,0.2778963,0.139026418,0.019328346,0.06725398,0.87849032
1094,2,1,1,1,49.97695,0.168156311,0.1380345,0.147574618,0.021778269,1.40849,0.830152988,0.380459,0.818552911,0.670028865,2.49996,0.330203503,0.25963141,0.288270891,0.08310011,0.04088,2.7902817
1148,1,1,1,1,38.534669,0.396144092,0.395199,0.193757236,0.037541866,1.00035,1.113113761,0.708461,0.911858261,0.83148551,3.8063,0.706526935,0.7063212,0.325098395,0.105688959,0.089929,1.6927342
1154,1,1,1,1,53.273908,0.16674298,0.1444445,0.099545226,0.009909253,0.47404,0.19519195,0.1699175,0.106188357,0.011275967,0.566202,0.27793166,0.23331417,0.161771163,0.026169911,0.03177351,0.7371427
1154,2,1,1,1,51.857567,0.16996634,0.102014,0.234128579,0.054816194,1.93161,0.420700163,0.4188975,0.242696524,0.058901601,2.57253,0.290474355,0.1879635,0.381454945,0.145507872,0.008994,2.89527233
1159,1,1,1,1,54.784503,0.196329102,0.1969935,0.101311646,0.010264049,0.51936,0.349923998,0.3468965,0.140222818,0.01966244,0.725095,0.365095586,0.37165432,0.18638505,0.034739386,0.0616023,1.0367205
1164,1,1,1,1,42.575735,0.270862669,0.221875,0.202922329,0.04117747,1.38539,0.751276255,0.6991385,0.482926428,0.233217925,2.31079,0.506399572,0.409366,0.38262105,0.146398857,0.0945534,2.5048677
1169,1,1,1,1,66.200616,0.078828931,0.0694731,0.055270642,0.003054844,0.500577,0.308281243,0.2735395,0.185391262,0.034369919,0.738839,0.131969541,0.11782713,0.092502683,0.008556746,0.03714506,0.9667248
1173,1,1,1,1,57.922416,0.157721356,0.1491775,0.085829429,0.007366691,0.452052,0.348243386,0.278917,0.220002651,0.048401169,0.919969,0.263364106,0.2497921,0.133807063,0.01790433,0.0511825,0.7745924
1173,2,1,1,1,67.996727,0.149494588,0.1419115,0.077025197,0.005932881,0.351885,0.345307797,0.3647345,0.131961435,0.017413821,0.694301,0.254746437,0.23964916,0.118333273,0.014002763,0.0735672,0.6145689
1175,1,1,1,1,50.619996,0.152955949,0.116966,0.15624848,0.024413586,1.24777,0.81208837,0.475182,0.610911131,0.373212397,1.73704,0.310904592,0.2205208,0.362975836,0.131751463,0.070846,2.7403517
1175,2,1,1,1,50.72658,0.179130897,0.1341895,0.14945966,0.022338191,1.21191,0.6219455,0.5653125,0.351361811,0.12345513,1.40629,0.403256536,0.2929375,0.337849051,0.114141986,0.0489258,2.754367
1187,1,1,1,1,53.734561,0.183951125,0.1681235,0.168699935,0.028459668,1.58871,0.340439171,0.2940865,0.186300337,0.034707818,1.5604,0.310429364,0.271817,0.29887718,0.089327566,0.0376442,3.0909877
1187,2,1,1,1,56.216862,0.173631981,0.1740195,0.067269683,0.00452521,0.318131,0.411530435,0.3899885,0.203876138,0.041565478,0.769078,0.309873819,0.318988,0.094831638,0.008993039,0.0868645,0.5938578
1188,1,1,1,1,71.949402,0.113638885,0.1000853,0.065930501,0.004346831,0.372729,0.11423061,0.1071855,0.046443816,0.002157028,0.273542,0.183909431,0.1603149,0.100853607,0.01017145,0.01158126,0.5821063
1188,2,1,1,1,66.685406,0.118032679,0.09305175,0.09369038,0.008777888,0.495819,0.210894182,0.2056365,0.061213423,0.003747083,0.416276,0.206647605,0.1668148,0.157568067,0.024827696,0.0085013,0.82141678
1193,1,1,1,1,34.644769,0.372036248,0.3185415,0.266985774,0.071281403,1.69993,2.393850327,2.80966,1.136535883,1.291713834,3.8132,0.841141999,0.69062613,0.633845866,0.401760578,0.0672794,3.93600639
1195,1,1,1,1,50.217038,0.192314565,0.1921265,0.088738196,0.007874467,0.611235,0.752217174,0.734813,0.318107098,0.101192117,1.42271,0.421717882,0.4168274,0.196626469,0.038661968,0.0560661,1.2137699
1195,2,1,1,1,57.614929,0.138285518,0.1256385,0.066344738,0.004401625,0.41068,0.422647864,0.413014,0.190951943,0.036462642,1.16518,0.295036584,0.265675,0.138098031,0.019071065,0.0385921,0.7300848
1213,1,1,1,1,59.656914,0.128943488,0.1019495,0.105992466,0.011234403,0.737499,0.505798697,0.3719935,0.40003109,0.160024881,1.37736,0.254371047,0.20060776,0.196221232,0.038502771,0.04389152,1.2515351
1213,2,1,1,1,75.48773,0.075626627,0.06133495,0.04586494,0.002103593,0.259061,0.217639521,0.2201195,0.129307792,0.016720505,0.473686,0.152834207,0.12029658,0.095063947,0.009037154,0.03370077,0.58129393
1215,1,1,1,1,51.909283,0.181042612,0.180054,0.081695497,0.006674155,0.417442,0.597024918,0.563114,0.457638443,0.209432945,1.75275,0.310427845,0.28596887,0.133083358,0.017711179,0.071014,0.7637748
1215,2,1,1,1,52.527148,0.210458666,0.2043885,0.100546308,0.010109561,0.519684,0.559165001,0.5301635,0.269613862,0.072691642,1.51265,0.410292804,0.3743299,0.195704952,0.038300429,0.10642718,1.170155
1219,1,1,1,1,57.761044,0.198552519,0.1984325,0.12541914,0.015729962,0.655429,0.428164363,0.4076755,0.212161615,0.045012549,1.02653,0.310470074,0.3120921,0.168301031,0.028325235,0.0435349,0.84117273
1219,2,1,1,1,55.723903,0.205085799,0.182697,0.096665457,0.00934421,0.485204,0.487834007,0.2862655,0.419893801,0.176310807,1.6016,0.367078185,0.34002928,0.167442963,0.028037146,0.05645953,0.9375939
1221,1,1,1,1,72.860875,0.103059337,0.0917189,0.057628267,0.003321017,0.390277,0.177847907,0.17166,0.077023223,0.005932577,0.596213,0.18756564,0.15687649,0.115335919,0.013302374,0.06266943,0.8282588
1233,1,1,1,1,55.755125,0.137654617,0.124041,0.083328515,0.006943642,0.444608,0.469296336,0.4808045,0.286043793,0.081821054,1.07513,0.260886818,0.244804,0.144278616,0.020816321,0.028816,0.7235933
1233,2,1,1,1,69.402243,0.127346292,0.1255025,0.04929284,0.002429784,0.232272,0.251785815,0.221647,0.13344489,0.01780754,0.652172,0.217101112,0.21372,0.072895311,0.005313727,0.0632385,0.4265
1240,1,1,1,1,47.152544,0.184882,0.1720685,0.097083591,0.009425224,0.539981,0.440441042,0.294471,0.369030476,0.1361835,2.01341,0.366519958,0.33311302,0.200348988,0.040139716,0.0437148,1.1377996
1240,2,1,1,1,40.545131,0.230358541,0.161048,0.29148078,0.084961049,2.24089,0.885988355,0.489738,0.812837243,0.660704374,3.07577,0.467432499,0.3420898,0.509857178,0.259954363,0.0884447,4.531648
1245,1,1,1,1,71.689824,0.154876143,0.161412,0.071695365,0.005140226,0.288954,0.253551811,0.2304145,0.141866699,0.02012616,0.590193,0.24176392,0.25516461,0.105192885,0.011065544,0.0276343,0.4572348
1245,2,1,1,1,58.595369,0.236051604,0.2257005,0.123922043,0.015356673,0.498961,0.369858295,0.380671,0.149962112,0.022488637,0.727398,0.377384931,0.37273748,0.189903691,0.036063414,0.0664872,0.8541482
1246,1,1,1,1,35.926621,0.305149287,0.2175135,0.338361442,0.114488468,2.76795,1.024446607,1.03619,0.365749896,0.133772984,2.2669,0.578675866,0.4191844,0.563374996,0.317391366,0.0205464,3.9032671
1248,1,1,1,1,47.798359,0.128531307,0.1142625,0.068664402,0.0047148,0.377152,0.700644553,0.6911225,0.369094461,0.136230722,1.47864,0.229852051,0.20041085,0.119879141,0.014371009,0.05892723,0.8275748
1248,2,1,1,1,47.984603,0.152231827,0.135819,0.103919953,0.010799357,0.692302,0.815328538,0.9118245,0.332747579,0.110720955,1.34576,0.308499694,0.24667,0.245874494,0.060454268,0.044504,1.7839492
1257,1,1,1,1,57.788655,0.145683035,0.1249575,0.089564182,0.008021742,0.602505,0.389308333,0.2683695,0.310029417,0.096118242,1.29121,0.261123449,0.23155074,0.150696918,0.02270956,0.04419785,1.18765663
1270,1,1,1,1,53.324426,0.402856499,0.3714765,0.215800598,0.046569899,1.0302,0.336627722,0.290293,0.172052458,0.029602051,0.821698,0.650807977,0.58191415,0.317087084,0.100544222,0.04655889,1.5780264
1288,1,1,1,1,52.176566,0.189583212,0.167696,0.109500617,0.011990385,0.610662,0.324110657,0.2842695,0.187470272,0.035145104,1.05894,0.327178061,0.28266422,0.195053965,0.038046047,0.05582918,1.2596617
1288,2,1,1,1,48.505796,0.174597919,0.1475415,0.112057664,0.012556921,0.706653,0.456011444,0.30201,0.400095791,0.160076633,1.71034,0.309250683,0.25610035,0.193863526,0.037583064,0.035222,1.15437163
1290,1,1,1,1,43.293685,0.207249403,0.2089425,0.06530796,0.00426513,0.484711,1.00380373,0.7248455,0.73205483,0.535904288,2.24528,0.328503877,0.3158076,0.11560192,0.013363804,0.0712687,0.9153916
1290,2,1,1,0,54.949523,0.181975812,0.1816635,0.062941834,0.003961675,0.340814,0.479612768,0.486913,0.228378683,0.052156821,0.919018,0.28377381,0.2707819,0.100573175,0.010114964,0.07851611,0.6106524
1293,1,1,1,1,47.931188,0.118118882,0.0851842,0.093486823,0.008739786,0.386499,1.289706469,0.7851235,1.046378732,1.094908357,3.229,0.210750148,0.1593706,0.166561648,0.027742783,0.018662,0.960875
1293,2,1,1,0,51.517368,0.131694406,0.1085945,0.098322675,0.009667348,0.513801,0.656876564,0.5669435,0.531427681,0.28241539,2.44999,0.266106158,0.21153895,0.185016409,0.03423107,0.030224,0.955525
1299,1,1,1,1,56.474347,0.245367587,0.2256825,0.120493867,0.014518771,0.619196,0.320491582,0.254965,0.358364493,0.128425106,2.65257,0.427419901,0.3860145,0.21369645,0.045666173,0.05870353,1.1569678
1299,2,1,1,1,46.842047,0.25759998,0.252048,0.125496119,0.015749278,0.662889,1.256266117,0.828225,0.953911126,0.909946382,3.99195,0.503115773,0.47959127,0.243618786,0.059350111,0.082859,1.38781064
1302,1,1,1,1,60.692294,0.187285826,0.154902,0.134383991,0.018059058,0.761199,0.305394918,0.2613,0.151279449,0.022885472,0.649479,0.347889662,0.2922817,0.240021124,0.057610143,0.0312351,1.3262473
1302,2,1,1,1,56.905716,0.17778179,0.162351,0.100574613,0.010115253,0.563313,0.368891388,0.280761,0.241103366,0.058130831,1.05251,0.359360307,0.3343611,0.195871294,0.038365562,0.061769,1.1467682
1303,1,1,1,1,46.587031,0.183087215,0.1456565,0.164882854,0.027186355,1.02771,0.479002267,0.498218,0.193962589,0.037621483,1.18646,0.32484743,0.250687,0.277372241,0.076935358,0.04371,1.8294187
1303,2,1,1,1,67.227752,0.100854129,0.0929663,0.062258333,0.0038761,0.407028,0.163089558,0.152032,0.084731601,0.007179444,0.459794,0.162775218,0.14307245,0.097442567,0.009495053,0.03310616,0.6857706
1306,1,1,1,1,47.568987,0.27221778,0.256271,0.132233813,0.017485783,0.662778,0.769671321,0.7706075,0.374774694,0.140456066,1.84424,0.497148782,0.4779525,0.23600848,0.055700004,0.083441,1.1978246
1306,2,1,1,1,49.752236,0.250329077,0.2258895,0.154473111,0.023861943,1.04337,0.552180171,0.540234,0.301007807,0.090605706,1.61088,0.438303351,0.3837319,0.254118741,0.064576335,0.0812151,1.631689
1313,1,1,1,1,38.288771,0.427843571,0.401487,0.243075386,0.059085641,1.39852,0.81650281,0.7042155,0.498588383,0.24859038,2.36983,0.691353679,0.6426896,0.380636305,0.14488399,0.0574135,2.9611651
1319,1,1,1,1,41.019307,0.388093233,0.3266385,0.214726314,0.046107393,1.47573,0.638637662,0.530746,0.424771577,0.180430904,2.57955,0.705763638,0.6012571,0.435118467,0.189328089,0.26085834,3.544348
1319,2,1,1,1,31.479266,0.51543051,0.4126935,0.356563598,0.127137601,2.56081,2.952173948,3.467925,1.402132511,1.965975642,5.347,1.028139949,0.80240242,0.77426827,0.599491358,0.3266194,5.358493
1322,1,1,1,1,49.963882,0.378476262,0.2899735,0.398609489,0.158889532,2.66714,0.460249066,0.404466,0.32656467,0.106644481,2.09736,0.684850574,0.4671557,0.763446093,0.58284992,0.0273638,5.1992301
1322,2,1,1,1,55.988723,0.22092396,0.185405,0.176420853,0.031124316,1.52235,0.374124557,0.3017295,0.240631238,0.057903394,2.11103,0.397828013,0.32136065,0.369143039,0.136266574,0.09186692,3.0598221
1330,1,1,1,1,60.070192,0.182759374,0.151777,0.127588913,0.01627893,0.621818,0.240226105,0.2117525,0.13897042,0.019312777,0.623087,0.318971753,0.2797428,0.203204155,0.04129193,0.0410522,1.15279856
1330,2,1,1,1,52.367385,0.245728448,0.2094315,0.167112529,0.027926598,0.98101,0.481287807,0.3850485,0.344225913,0.118491471,1.50561,0.426392615,0.38673876,0.257724673,0.066422008,0.04813229,1.48384862
1342,1,1,1,1,47.160743,0.226636648,0.1901575,0.132420212,0.017535111,0.691023,0.902906656,0.8363235,0.472616851,0.223366693,1.96249,0.42588976,0.3248934,0.290198982,0.084215447,0.0717281,1.49946745
1342,2,1,1,0,54.932088,0.214174315,0.1931445,0.107942536,0.011651591,0.684369,0.632332444,0.587796,0.340989649,0.116273947,1.38791,0.398474157,0.3360709,0.231223375,0.053464249,0.0950132,1.4079758
1356,1,1,1,1,48.0468,0.465643913,0.45999,0.277894914,0.077225581,2.23443,0.458838224,0.3926685,0.297445118,0.088473596,2.74623,0.764045477,0.7229398,0.476350039,0.226909354,0.08237385,4.6909313
1356,2,1,1,1,54.267466,0.354607254,0.331721,0.173014283,0.029933941,0.722326,0.393305719,0.3567895,0.228137136,0.052046552,1.03592,0.561423719,0.52137286,0.245441392,0.060241479,0.11715,1.1087473
1366,1,1,1,1,72.921,0.102547221,0.09656355,0.065391287,0.00427602,0.352683,0.496504813,0.510132,0.122572996,0.015024139,0.806141,0.195584223,0.18406115,0.122170053,0.014925523,0.014977,0.6126598
1366,2,1,1,1,70.916562,0.084167108,0.0727447,0.058071062,0.003372248,0.352741,0.162112772,0.1479775,0.094018869,0.008839548,0.476299,0.152401119,0.1333949,0.099605724,0.0099213,0.0086034,0.5616661
1371,1,1,1,1,39.347022,0.258361638,0.1775985,0.25124076,0.063121915,1.46481,0.818568945,0.669977,0.458267152,0.210008785,2.22427,0.446611553,0.2907032,0.448938966,0.201546207,0.039131,2.9281184
1371,2,1,1,1,55.000721,0.220808834,0.1891755,0.128824815,0.016595835,0.731468,0.499866158,0.4396755,0.2795825,0.078166373,1.56729,0.359888971,0.31558637,0.189912468,0.036066748,0.057661,1.13727428
1374,1,1,1,1,56.131886,0.120494395,0.106398,0.071172431,0.005065515,0.338358,0.475842893,0.3383585,0.32134214,0.10326077,1.25748,0.223658934,0.2063563,0.116685644,0.013615539,0.0472985,0.6438814
1374,2,1,1,1,51.668921,0.14933148,0.138303,0.087428994,0.00764383,0.519987,0.461461544,0.4996705,0.226514086,0.051308632,0.976416,0.279250324,0.2419796,0.156052008,0.024352228,0.0354872,0.8207205
1375,1,1,1,1,60.546179,0.094958954,0.0865787,0.064286172,0.004132712,0.584477,0.363776773,0.216423,0.313610077,0.098351285,1.48434,0.174564138,0.1622368,0.112215571,0.012592334,0.0340947,0.968851
1375,2,1,1,1,64.41907,0.10817799,0.104086,0.05335122,0.002846353,0.360337,0.265938759,0.234552,0.154768765,0.023953371,0.791116,0.191583693,0.1869932,0.086941771,0.007558871,0.0212425,0.4926212
1380,1,1,1,1,41.805228,0.222324789,0.20067,0.137610108,0.018936543,1.18803,1.051611423,0.879139,0.607081592,0.368548065,2.21825,0.441593111,0.39651,0.277837723,0.077193797,0.07039174,2.007809
1380,2,1,1,1,50.780469,0.2567707,0.2507505,0.136999696,0.018768918,0.883435,0.479229391,0.363784,0.303617299,0.092183471,1.54025,0.505345285,0.4726933,0.292635858,0.085635744,0.093402,2.2677437
1381,1,1,1,1,63.45068,0.190385133,0.186041,0.046728685,0.00218357,0.413281,0.296802849,0.2744575,0.142928988,0.020428697,0.707274,0.310894847,0.28569383,0.091580592,0.008387005,0.1174209,0.64593765
1381,2,1,1,1,77.068544,0.104444258,0.0992356,0.029339034,0.000860779,0.219829,0.148433238,0.1527705,0.060021792,0.003602615,0.287714,0.1637467,0.15369728,0.058129139,0.003378997,0.07736107,0.6286365
1382,1,1,1,1,42.847579,0.202922016,0.08607305,0.389087409,0.151389018,3.04185,0.902810097,0.504843,0.812365234,0.659937263,4.00082,0.353451252,0.1569855,0.599359751,0.359232128,0.015656,4.2565234
1382,2,1,1,1,70.746062,0.095612846,0.08600095,0.070299007,0.004941951,0.776074,0.178303406,0.1353535,0.126013175,0.01587932,0.51387,0.175758943,0.15336767,0.141675785,0.02007203,0.0460466,1.5508057
1386,1,1,1,1,60.712469,0.172544882,0.1325975,0.166898906,0.027855244,1.24108,0.740448415,0.5297785,0.443463296,0.196659684,2.71954,0.310974032,0.2266382,0.295182258,0.087132573,0.03625193,2.0387
1386,2,1,1,1,64.775546,0.175748035,0.1574585,0.089038387,0.007927835,0.459442,0.501826644,0.463375,0.3043001,0.092598543,1.16399,0.318020314,0.28750584,0.155640244,0.024223886,0.0416312,0.8921904
1393,1,1,1,1,47.143224,0.291667044,0.268905,0.165361375,0.027344385,1.33654,0.479659855,0.4731825,0.171933711,0.029561201,1.12099,0.535335779,0.4767769,0.358444363,0.128482357,0.051509,2.87176063
1396,1,1,1,1,58.402926,0.1657888,0.159328,0.102140576,0.010432698,0.61079,0.288626909,0.2875915,0.135347456,0.018318934,0.649025,0.292143971,0.27066223,0.179507762,0.032223035,0.04480644,1.05488382
1396,2,1,1,0,63.942723,0.145813033,0.1373565,0.080749273,0.006520445,0.53171,0.219247267,0.203772,0.109134994,0.011910447,0.570573,0.249222353,0.2418853,0.136175439,0.01854375,0.0315174,0.8991021
1402,1,1,1,1,56.572272,0.208469644,0.217671,0.089327492,0.0079794,0.404539,0.263953775,0.187612,0.204435676,0.041793946,1.29325,0.352241248,0.3500882,0.148288086,0.021989355,0.0716665,0.7223847
1402,2,1,1,1,54.170554,0.252827317,0.249403,0.102455914,0.010497214,0.50558,0.431299418,0.308586,0.293395787,0.08608108,1.22822,0.516572595,0.4853674,0.2116898,0.044812571,0.1587439,1.003174
1407,1,1,1,1,52.956991,0.265844256,0.2483035,0.142731234,0.020372206,0.688025,0.463724971,0.461177,0.187847883,0.035286825,1.00208,0.490774602,0.451972,0.2410869,0.058122892,0.09622368,1.209502
1407,2,1,1,1,43.844659,0.397311985,0.3660385,0.235453397,0.055438302,1.23044,0.823419869,0.7348395,0.443633795,0.196810931,2.00435,0.748971343,0.712929,0.410621911,0.168610349,0.0789299,2.2057991
1408,1,1,1,1,77.999487,0.108452439,0.108633,0.049383745,0.002438754,0.220248,0.181291074,0.183189,0.083352983,0.00694772,0.352907,0.158489928,0.1535551,0.055422626,0.003071667,0.02900982,0.28120091
1408,2,1,1,1,81.683802,0.108054288,0.109639,0.052056883,0.002709919,0.230541,0.192549944,0.1671395,0.109677576,0.012029171,0.434314,0.154057935,0.1542833,0.057996772,0.003363625,0.00625613,0.305186
1411,1,1,1,1,61.545112,0.132902637,0.1247845,0.088240229,0.007786338,0.780251,0.253324926,0.253525,0.108775005,0.011832002,0.57421,0.219975963,0.1920358,0.151308447,0.022894245,0.051784,1.3067682
1411,2,1,1,1,70.111283,0.154380336,0.144804,0.081308171,0.006611019,0.544251,0.157545626,0.151071,0.077007018,0.005930081,0.587481,0.242313489,0.2144708,0.137384057,0.018874379,0.04703326,0.98313607
1412,1,1,1,1,32.961579,0.964123309,0.737903,0.733365655,0.537825227,3.76864,1.254633546,1.19727,0.630010664,0.396913409,3.16768,1.540195227,1.165561,1.111407995,1.235227823,0.309334,6.0168157
1412,2,1,1,1,37.208028,0.499468744,0.4513765,0.218685359,0.047823288,1.41189,1.087544441,0.927181,0.628690362,0.395251542,2.95366,0.819310009,0.757385,0.331126451,0.109644726,0.2814705,2.148253
1413,1,1,1,1,56.967178,0.202783793,0.158365,0.175390974,0.030761994,1.24154,0.350203097,0.3440375,0.168937534,0.028539889,1.11419,0.387037575,0.2813672,0.338473767,0.114564493,0.03009675,2.35847511
1413,2,1,1,1,52.296909,0.225122064,0.181429,0.223550066,0.049974632,2.00157,0.44479388,0.403661,0.202270359,0.040913299,1.55055,0.405689269,0.30966905,0.389118463,0.151413172,0.0768494,3.43457796
1419,1,1,1,1,67.334161,0.162073672,0.162144,0.069729686,0.004862229,0.443158,0.237496868,0.22303,0.101125017,0.010226268,0.58606,0.261959702,0.255708,0.101983204,0.010400574,0.08059199,0.73289584
1419,2,1,1,1,58.901228,0.185550272,0.173274,0.12596935,0.015868276,1.148,0.364353448,0.3453875,0.207474947,0.043045856,1.09375,0.302199543,0.2840525,0.212179944,0.045020327,0.05158106,2.04990532
1425,1,1,1,1,61.25679,0.235187262,0.237436,0.139791101,0.01954155,0.822394,0.457673222,0.439648,0.194610134,0.037873104,0.932537,0.407133341,0.401228,0.252616197,0.063814938,0.0425934,1.57262134
1425,2,1,1,1,67.64148,0.170060113,0.153242,0.102151074,0.010434842,0.6333,0.246669605,0.227596,0.116418548,0.013553278,0.501129,0.292638183,0.2710746,0.169742256,0.028812435,0.0243112,1.0620859
1427,1,1,1,1,58.608771,0.149128526,0.141224,0.077102028,0.005944722,0.51517,0.387316287,0.394053,0.102947928,0.010598276,0.62551,0.24239558,0.22575805,0.119067721,0.014177122,0.0491742,0.70434071
1427,2,1,1,1,68.384308,0.094066694,0.09176235,0.045878064,0.002104797,0.235293,0.348946214,0.270297,0.240775034,0.057972617,0.903614,0.163032919,0.15578,0.076348349,0.005829071,0.02410126,0.4601833
1430,1,1,1,1,64.557197,0.213906273,0.174314,0.174812436,0.030559387,1.06846,0.300164461,0.236439,0.169701427,0.028798575,0.82273,0.357290357,0.28326793,0.32765767,0.107359551,0.01049973,2.33956
1430,2,1,1,1,55.211719,0.251185447,0.1724755,0.235494018,0.055457432,1.58678,0.310980767,0.2620325,0.196689412,0.038686726,1.03175,0.434129864,0.3001212,0.414686143,0.171964586,0.023212,3.2299807
1446,1,1,1,1,66.956946,0.100135393,0.0966015,0.047401093,0.002246864,0.289901,0.268134743,0.1958985,0.201454118,0.040583763,0.836283,0.162290603,0.1610031,0.065696523,0.004316033,0.03904428,0.40829551
1446,2,1,1,1,71.442759,0.130208209,0.1264715,0.047788236,0.002283715,0.223563,0.156856298,0.132137,0.085736088,0.007350677,0.46605,0.217332184,0.21521365,0.066544212,0.004428132,0.06378299,0.40460287
1448,1,1,1,1,52.750207,0.103773892,0.0880017,0.076786488,0.005896165,0.479845,0.546918809,0.5778015,0.229972228,0.052887227,1.02622,0.206114843,0.1677694,0.147620782,0.021791896,0.0177356,0.9054508
1448,2,1,1,1,0.397079,0.027385924,0.02747265,0.017164404,0.000294617,0.0806474,0.043559648,0.0341287,0.033710942,0.001136428,0.13732,,,,,,
1450,1,1,1,1,68.66321,0.227990493,0.241275,0.081046917,0.006568603,0.373782,0.195132956,0.188945,0.085551694,0.007319092,0.522122,0.361334532,0.37015738,0.132776633,0.017629635,0.07202559,0.68292968
1450,2,1,1,0,66.95052,0.282286674,0.2911565,0.112614959,0.01268213,0.559589,0.313421577,0.321723,0.13382946,0.017910324,0.560055,0.47916621,0.5005762,0.194183573,0.037707258,0.0956413,0.96232603
1451,1,1,1,1,57.336008,0.146883875,0.123903,0.092153668,0.008492298,0.481388,0.169544265,0.156592,0.08648333,0.007479366,0.532578,0.275036991,0.2293228,0.154471099,0.023861323,0.0363372,0.8353599
1451,2,1,1,1,50.326352,0.14355363,0.117116,0.097008318,0.009410614,0.663725,0.487930208,0.313538,0.391963303,0.153635234,1.75082,0.291378051,0.24290722,0.183843657,0.03379849,0.04977169,1.2774337
31003,1,1,1,1,75.69687,0.09950415,0.09382125,0.036616564,0.001340773,0.229353,0.142636925,0.129022,0.0646495,0.004179558,0.271444,0.168493733,0.1602384,0.057264064,0.003279173,0.06752512,0.4018405
31003,2,1,1,1,75.598774,0.112480335,0.1117205,0.046201441,0.002134573,0.263512,0.244859278,0.2535905,0.139659464,0.019504767,0.656172,0.189796194,0.1813302,0.07076361,0.005007488,0.0416821,0.43798905
31011,1,1,1,1,72.372031,0.078425966,0.0739992,0.04926075,0.002426622,0.392217,0.20189108,0.191985,0.097533256,0.009512736,0.566652,0.139261693,0.1303451,0.104167618,0.010850893,0.01321,0.9172534
31011,2,1,1,1,68.861808,0.095989823,0.08472215,0.071838357,0.00516075,0.397666,0.210009679,0.1684465,0.1564302,0.024470406,1.16361,0.177778929,0.1526417,0.152482182,0.023250816,0.0147506,1.0750472
31014,1,1,1,1,62.467614,0.078472994,0.07116315,0.036659665,0.001343931,0.208053,0.375851959,0.408875,0.208815515,0.043603919,0.73261,0.154762626,0.1370847,0.069908015,0.004887131,0.02680795,0.4291464
31014,2,1,1,1,76.914145,0.064626046,0.06238395,0.028791454,0.000828948,0.164122,0.257183164,0.24725,0.116453864,0.013561502,0.504335,0.126323327,0.12380406,0.049691953,0.00246929,0.03050303,0.3490092
31015,1,1,1,1,61.170955,0.256783575,0.275903,0.093537614,0.008749285,0.498466,0.317666382,0.2646675,0.169270962,0.028652657,0.704643,0.433498114,0.45162564,0.159586117,0.025467729,0.0744684,0.82988753
31015,2,1,1,1,58.59484,0.297096521,0.3130815,0.129094303,0.016665339,0.590022,0.35621956,0.3321735,0.162553489,0.026423637,0.699541,0.484323591,0.49559839,0.185551181,0.034429241,0.10937537,0.9300202
31016,1,1,1,1,67.079349,0.072259463,0.0699849,0.030346388,0.000920903,0.18077,0.242952541,0.2413225,0.121147431,0.0146767,0.553338,0.139929339,0.1346461,0.056658011,0.00321013,0.02948096,0.38537
31016,2,1,1,1,68.793231,0.062534206,0.0598536,0.026668016,0.000711183,0.136168,0.242439657,0.232701,0.126885682,0.016099978,0.56182,0.12604101,0.1215508,0.050613597,0.002561736,0.02632096,0.2886174
31035,1,1,1,1,41.96351,0.30341956,0.281636,0.148638323,0.022093352,0.870693,0.584671736,0.494903,0.312571645,0.097701028,1.40028,0.559173644,0.536953,0.247324258,0.061169289,0.0859011,1.4536374
31035,2,1,1,1,43.558922,0.241896361,0.229786,0.126854807,0.016092142,0.769212,0.618073761,0.418664,0.467294067,0.218363747,1.45669,0.448299646,0.4015301,0.236977726,0.056158446,0.0684399,1.4996496
31040,1,1,1,1,40.85632,0.163346246,0.147533,0.085371748,0.007288335,0.513202,0.795203805,0.5396965,0.61404103,0.377046376,2.12247,0.315988988,0.28345,0.163935333,0.026874792,0.06515265,1.0660239
31040,2,1,1,1,36.451198,0.198516756,0.1763905,0.120816424,0.014596608,0.736207,1.443016887,0.9777485,0.873917222,0.76373136,2.77027,0.377175957,0.313729,0.240430459,0.057806809,0.0648095,1.6568547
31042,1,1,1,1,73.770665,0.076718956,0.07506855,0.026493758,0.000701919,0.163045,0.125956073,0.120617,0.056975763,0.003246238,0.283615,0.123955138,0.12383,0.039863061,0.001589064,0.03868473,0.25781913
31042,2,1,1,1,64.174892,0.129460827,0.1262315,0.052763227,0.002783958,0.450195,0.239542142,0.2232595,0.125282899,0.015695803,0.520286,0.201873615,0.196649,0.073960207,0.005470112,0.0755884,0.64651201
31043,1,1,1,1,48.811553,0.168964371,0.1048445,0.190125555,0.036147729,1.23971,0.308592051,0.2352735,0.253474027,0.064249076,1.35184,0.325077832,0.182114,0.4022156,0.161777392,0.05322967,2.5803096
31043,2,1,1,1,35.742601,0.345806241,0.145287,0.536670566,0.288015276,3.87379,0.886223018,0.6439355,0.879920602,0.774260283,6.81716,0.70255661,0.26604091,1.156550646,1.337609291,0.0479321,9.2301035
31053,1,1,1,1,43.132609,0.344277561,0.2983275,0.177937388,0.031661715,1.02472,0.505959392,0.4177175,0.282558411,0.079839252,1.46516,0.585714936,0.5336794,0.269747853,0.072763905,0.1353357,1.5405818
31053,2,1,1,1,42.949247,0.164501697,0.119549,0.171282038,0.029337538,1.57647,0.819301665,0.5820055,0.674538851,0.455002666,2.94935,0.319463462,0.245971,0.288837254,0.08342696,0.0625944,2.7309512
31054,1,1,1,1,65.556489,0.118388049,0.1106255,0.059538636,0.003544849,0.378908,0.156270951,0.1416015,0.074659079,0.005573979,0.501497,0.204640031,0.18016865,0.127360731,0.016220754,0.03896787,0.8839004
31054,2,1,1,1,44.737184,0.135699213,0.12175,0.093883961,0.008814198,0.570356,0.611939669,0.562397,0.246535346,0.060779676,1.17556,0.276184499,0.233165,0.210326552,0.044237256,0.0327304,1.3585
31060,1,1,1,1,60.640524,0.173395872,0.16817,0.094930284,0.009011758,0.619169,0.222181022,0.173052,0.14110963,0.019911928,0.841,0.324691951,0.32463426,0.172418475,0.02972813,0.0386932,1.1486845
31060,2,1,1,1,56.864153,0.268216193,0.2499035,0.127145559,0.016165992,0.571442,0.33897239,0.3453575,0.145983055,0.021311054,0.697409,0.518406153,0.45849585,0.255674124,0.065369263,0.0878162,1.1591943
31064,1,1,1,1,45.012673,0.14140816,0.104243,0.147427678,0.021734921,0.913323,0.634640753,0.57628,0.320395052,0.102652982,1.42901,0.272982925,0.1981908,0.274433792,0.075313911,0.0194823,2.0253486
31064,2,1,1,1,64.529064,0.077837385,0.0600841,0.060032595,0.003603913,0.271847,0.288024187,0.261254,0.143670306,0.020641157,0.637114,0.147407025,0.1120258,0.104698144,0.010961702,0.0216064,0.4690666
31070,1,1,1,1,44.238388,0.18542178,0.1393265,0.151721567,0.023019435,1.08509,1.27776742,1.336425,0.627699375,0.394006521,2.75551,0.444933802,0.317853,0.390145898,0.152213812,0.0798227,2.7396642
31070,2,1,1,1,36.40796,0.177208185,0.146691,0.10698799,0.011446429,0.729388,1.69329679,1.67278,0.945477486,0.893927693,4.02792,0.404955506,0.303825,0.272943646,0.074498236,0.093354,1.633726
31131,1,1,1,1,72.158752,0.131603718,0.131741,0.063802235,0.004070725,0.402376,0.223704144,0.154357,0.173651695,0.030154912,0.664379,0.20750466,0.20918031,0.085318379,0.007279226,0.0422295,0.62308843
31131,2,1,1,1,65.529899,0.129099697,0.12959,0.055897471,0.003124527,0.28758,0.410469264,0.386879,0.230627418,0.053189006,0.967353,0.233511597,0.2300686,0.092493229,0.008554998,0.0375267,0.5535463